sma_5,sma_10,sma_20,sma_50,ema_12,ema_26,rsi_14,macd_line,macd_signal,macd_hist,bb_upper,bb_lower,bb_percent,vol_sma,vol_ratio,price_vol,momentum_1,momentum_5,momentum_10,hl_spread
217.33599999999996,213.987,207.57049999999998,204.4175,211.99249999999998,205.3280769230769,32.21992314513746,-1.7994918672808353,-4.197410922406783,2.3979190551259473,223.32558359229012,191.81541640770985,0.20357186792170262,3278737.6,0.5758774352665489,7.877541796144854,2.75,1.25,-14.319999999999993,0.013536065269794251
217.33599999999996,213.987,207.57049999999998,204.4175,211.99249999999998,205.3280769230769,32.21992314513746,-1.7994918672808353,-4.197410922406783,2.3979190551259473,223.32558359229012,191.81541640770985,0.20357186792170262,3278737.6,0.5758774352665489,7.877541796144854,2.75,1.25,-14.319999999999993,0.015379685998077472
217.33599999999996,213.987,207.57049999999998,204.4175,211.99249999999998,205.3280769230769,32.21992314513746,-1.7994918672808353,-4.197410922406783,2.3979190551259473,223.32558359229012,191.81541640770985,0.20357186792170262,3278737.6,0.5758774352665489,7.877541796144854,1.740000000000009,1.25,-14.319999999999993,0.013010308342037187
217.33599999999996,213.987,207.57049999999998,204.4175,211.99249999999998,205.3280769230769,32.21992314513746,-1.7994918672808353,-4.197410922406783,2.3979190551259473,223.32558359229012,191.81541640770985,0.20357186792170262,3278737.6,0.5758774352665489,7.877541796144854,-2.5400000000000205,1.25,-14.319999999999993,0.015022740846235044
217.33599999999996,213.987,207.57049999999998,204.4175,211.99249999999998,205.3280769230769,32.21992314513746,-1.7994918672808353,-4.197410922406783,2.3979190551259473,223.32558359229012,191.81541640770985,0.20357186792170262,3278737.6,0.5758774352665489,7.877541796144854,-3.059999999999974,1.25,-14.319999999999993,0.01816783933647068
217.58599999999996,213.987,207.57049999999998,204.4175,211.99249999999998,205.3280769230769,32.21992314513746,-1.7994918672808353,-4.197410922406783,2.3979190551259473,223.32558359229012,191.81541640770985,0.20357186792170262,3278737.6,0.5758774352665489,7.877541796144854,2.359999999999985,1.25,-14.319999999999993,0.01603908374429653
217.36799999999994,213.987,207.57049999999998,204.4175,211.99249999999998,205.3280769230769,32.21992314513746,-1.7994918672808353,-4.197410922406783,2.3979190551259473,223.32558359229012,191.81541640770985,0.20357186792170262,3278737.6,0.5758774352665489,7.877541796144854,0.4099999999999966,-1.0900000000000034,-14.319999999999993,0.012213635109025674
216.05599999999995,213.987,207.57049999999998,204.4175,211.99249999999998,205.3280769230769,32.21992314513746,-1.7994918672808353,-4.197410922406783,2.3979190551259473,223.32558359229012,191.81541640770985,0.20357186792170262,3278737.6,0.5758774352665489,7.877541796144854,-3.7299999999999898,-6.560000000000002,-14.319999999999993,0.021694359934472225
213.01199999999994,213.987,207.57049999999998,204.4175,211.99249999999998,205.3280769230769,32.21992314513746,-1.7994918672808353,-4.197410922406783,2.3979190551259473,223.32558359229012,191.81541640770985,0.20357186792170262,3278737.6,0.5758774352665489,7.877541796144854,-11.200000000000017,-15.219999999999999,-14.319999999999993,0.030757717955050633
210.63799999999992,213.987,207.57049999999998,204.4175,211.99249999999998,205.3280769230769,32.21992314513746,-1.7994918672808353,-4.197410922406783,2.3979190551259473,223.32558359229012,191.81541640770985,0.20357186792170262,3278737.6,0.5758774352665489,7.877541796144854,0.29000000000002046,-11.870000000000005,-14.319999999999993,0.04715399033244551
207.52399999999994,212.55499999999998,207.57049999999998,204.4175,211.99249999999998,205.3280769230769,32.21992314513746,-1.7994918672808353,-4.197410922406783,2.3979190551259473,223.32558359229012,191.81541640770985,0.20357186792170262,3278737.6,0.5758774352665489,7.877541796144854,-1.3400000000000034,-15.569999999999993,-14.319999999999993,0.02298907646474675
204.57599999999994,210.97199999999998,207.57049999999998,204.4175,211.99249999999998,205.3280769230769,32.21992314513746,-1.7994918672808353,-4.197410922406783,2.3979190551259473,223.32558359229012,191.81541640770985,0.20357186792170262,3278737.6,0.5758774352665489,7.877541796144854,1.2399999999999807,-14.740000000000009,-15.830000000000013,0.012263126727200875
202.79599999999994,209.426,207.57049999999998,204.4175,210.8782692307692,205.3280769230769,32.21992314513746,-1.7994918672808353,-4.197410922406783,2.3979190551259473,223.32558359229012,191.81541640770985,0.20357186792170262,3278737.6,0.5758774352665489,7.877541796144854,2.1100000000000136,-8.900000000000006,-15.460000000000008,0.022564102564102587
203.22199999999995,208.11699999999996,207.57049999999998,204.4175,209.9093047337278,205.3280769230769,32.21992314513746,-1.7994918672808353,-4.197410922406783,2.3979190551259473,223.32558359229012,191.81541640770985,0.20357186792170262,3278737.6,0.5758774352665489,7.877541796144854,-0.1699999999999875,2.130000000000024,-13.089999999999975,0.02571121321732325
203.41199999999995,207.02499999999995,207.57049999999998,204.4175,208.9524886208466,205.3280769230769,32.21992314513746,-1.7994918672808353,-4.197410922406783,2.3979190551259473,223.32558359229012,191.81541640770985,0.20357186792170262,3278737.6,0.5758774352665489,7.877541796144854,-0.8900000000000148,0.9499999999999886,-10.920000000000016,0.03758554666404831
203.07399999999996,205.29899999999992,207.57049999999998,204.4175,207.5305672945625,205.3280769230769,28.596799257330847,-1.7994918672808353,-4.197410922406783,2.3979190551259473,223.32558359229012,191.81541640770985,0.20357186792170262,3278737.6,0.5758774352665489,7.877541796144854,-3.9799999999999898,-1.6899999999999977,-17.25999999999999,0.028190876771318388
202.30599999999995,203.44099999999992,207.57049999999998,204.4175,206.18740309539905,205.3280769230769,27.82632602164053,-1.7994918672808353,-4.197410922406783,2.3979190551259473,223.32558359229012,191.81541640770985,0.20357186792170262,3278737.6,0.5758774352665489,7.877541796144854,-0.9099999999999966,-3.839999999999975,-18.579999999999984,0.01856136820925552
200.93999999999994,201.8679999999999,207.57049999999998,204.4175,204.9154949268761,205.3280769230769,27.066867447478423,-1.7994918672808353,-4.197410922406783,2.3979190551259473,223.32558359229012,191.81541640770985,0.20357186792170262,3278737.6,0.5758774352665489,7.877541796144854,-0.8800000000000239,-6.8300000000000125,-15.730000000000018,0.03159761519805989
199.98799999999991,201.6049999999999,207.57049999999998,204.4175,204.13157263043362,205.3280769230769,31.41905212782168,-1.7994918672808353,-4.197410922406783,2.3979190551259473,223.32558359229012,191.81541640770985,0.20357186792170262,3278737.6,0.5758774352665489,7.877541796144854,1.9000000000000057,-4.760000000000019,-2.6299999999999955,0.013111800620558526
198.8959999999999,201.1539999999999,207.57049999999998,204.4175,203.22363837959767,205.3280769230769,29.8156062702269,-1.7994918672808353,-4.197410922406783,2.3979190551259473,223.32558359229012,191.81541640770985,0.20357186792170262,3278737.6,0.5758774352665489,7.877541796144854,-1.5900000000000034,-5.460000000000008,-4.510000000000019,0.008273217979115101
198.3119999999999,200.6929999999999,206.62400000000002,204.4175,202.23384785965956,205.3280769230769,28.401901605910734,-1.7994918672808353,-4.197410922406783,2.3979190551259473,222.58019553652906,190.667804463471,0.19184383653713896,3345825.45,0.9187466728128331,7.9780977682645196,-1.4399999999999977,-2.920000000000016,-4.610000000000014,0.010010671273946841
197.8979999999999,200.10199999999992,205.53700000000003,204.4175,201.38710203509655,205.3280769230769,28.341602220433643,-1.7994918672808353,-4.197410922406783,2.3979190551259473,221.0736213830402,190.00037861695986,0.21657287054655922,3383871.25,1.1050618430000847,7.768310691520106,-0.060000000000002274,-2.0700000000000216,-5.909999999999997,0.00915823717785789
197.83399999999992,199.3869999999999,204.40650000000002,204.4175,200.804470952774,205.3280769230769,30.641035199376837,-1.7994918672808353,-4.197410922406783,2.3979190551259473,218.7527291561218,190.06027084387824,0.26277738470754947,3423029.05,1.0141012387844035,7.17311457806101,0.8700000000000045,-0.3199999999999932,-7.150000000000006,0.011234817813765176
197.56199999999995,198.77499999999992,203.44600000000003,204.4175,200.4437831138857,205.3280769230769,32.93207387970211,-1.7994918672808353,-4.197410922406783,2.3979190551259473,216.63736596414398,190.25463403585607,0.31101274827971986,3459768.6,0.8382734036027727,6.595682982071879,0.8600000000000136,-1.3599999999999852,-6.1200000000000045,0.010732641338304925
197.61599999999993,198.25599999999991,202.64050000000003,204.4175,200.14473955790328,205.3280769230769,33.04285683794547,-1.7994918672808353,-4.197410922406783,2.3979190551259473,214.94425629634884,190.33674370365122,0.33173837727797234,3467295.15,0.8107533043444543,6.151878148174703,0.03999999999999204,0.27000000000001023,-5.189999999999998,0.014005037783375321
198.06599999999995,198.1889999999999,201.74400000000003,204.4175,199.97477962591816,205.3280769230769,34.61310130502129,-1.7994918672808353,-4.197410922406783,2.3979190551259473,212.21746055513563,191.27053944486443,0.37091181631107856,3430283.55,0.5959816353957095,5.236730277567672,0.539999999999992,2.25,-0.6700000000000159,0.007962721061093272
198.73399999999992,198.3159999999999,200.87850000000003,204.4175,199.98942891423843,204.93858974358972,37.61818459649729,-1.7994918672808353,-4.197410922406783,2.3979190551259473,208.51790907400172,193.23909092599834,0.44708360344574877,3493742.15,0.8759719145272356,3.819704537001123,1.0300000000000011,3.3400000000000034,1.2699999999999818,0.012895486579697028
199.4979999999999,198.66599999999988,200.26700000000002,204.4175,200.20951677358636,204.67795346628677,41.41840013849832,-1.7994918672808353,-4.197410922406783,2.3979190551259473,205.1966291949744,195.33737080502564,0.6169459156456853,3406753.0,0.5239399510325521,2.4648145974871873,1.3499999999999943,3.819999999999993,3.5,0.009383378016085865
199.8339999999999,198.69799999999992,200.15150000000003,204.4175,200.1988218853423,204.34180876508034,38.99292451575758,-1.7994918672808353,-4.197410922406783,2.3979190551259473,204.97830132178115,195.3246986782189,0.49880873489155786,3169947.65,0.6143896414188418,2.4134006608912917,-1.2800000000000011,1.6799999999999784,0.3199999999999932,0.010237833516538456
200.6299999999999,199.1229999999999,200.13850000000005,204.4175,200.5497723645204,204.20389700470403,45.29939406320457,-1.7994918672808353,-4.197410922406783,2.3979190551259473,204.93867197607753,195.33832802392257,0.7438975115547137,2944739.6,1.001232842455747,2.4000859880390353,2.3400000000000034,3.9799999999999898,4.25,0.009581193204267077
201.59199999999993,199.8289999999999,200.26100000000002,204.4175,201.05749969305572,204.177682411763,48.64647163506842,-1.7994918672808353,-4.197410922406783,2.3979190551259473,205.30266599448683,195.21933400551322,0.8559339317523846,2892782.8,0.6342916585372397,2.520832997243987,1.3700000000000045,4.810000000000002,7.060000000000002,0.009369634535197433
202.79999999999993,200.7669999999999,200.43450000000004,204.4175,201.83480743258562,204.3208170479287,53.68148704299478,-1.7994918672808353,-4.197410922406783,2.3979190551259473,206.00300240189878,194.8659975981013,1.0096073944463728,2880466.4,0.8200557381957311,2.7842512009498166,2.2600000000000193,6.0400000000000205,9.380000000000024,0.012347775459706058
203.51499999999993,201.5064999999999,200.44675000000004,204.4175,202.32099090449552,204.37075652585992,51.02350573645408,-1.7994918672808353,-4.197410922406783,2.3979190551259473,206.0541150451841,194.83938495481598,0.9055603624296122,2831213.45,0.8260775958096694,2.8036825225925885,-1.115000000000009,3.575000000000017,7.39500000000001,0.016146735286226503
204.98899999999995,202.4114999999999,200.59325000000004,204.4175,203.11929999611158,204.60329307949993,56.28171976375879,-1.7994918672808353,-4.197410922406783,2.3979190551259473,206.75099656428335,194.43550343571673,1.061629967049884,2762533.5,0.8576775630051183,3.078873282141729,2.5149999999999864,7.3700000000000045,9.049999999999983,0.019107512890945033
206.07499999999996,203.3524999999999,200.80425000000002,204.4175,203.85633076594056,204.8482343328703,57.07113705540212,-1.2588640763772219,-3.6097015532008703,2.3508374768236484,207.62544877660523,193.98305122339482,1.0208578603786407,2689817.8,0.7150908139577336,3.4105993883030927,0.4000000000000057,5.430000000000007,9.409999999999997,0.016593718435861618
206.27699999999996,203.93449999999993,201.06175000000002,204.4175,204.01074141733432,204.8491058637688,49.70162571641695,-1.0642541082746675,-3.1006120642156296,2.036357955940962,208.08413369430036,194.03936630569967,0.7704387972336809,2596842.05,0.7917154607073619,3.51119184715049,-3.049999999999983,1.0100000000000193,5.820000000000022,0.018573660060529174
206.16299999999995,204.48149999999993,201.39875,204.4175,204.24601196851364,204.90028320719335,51.214175142604205,-0.8454086448521423,-2.649571380342932,1.8041627354907899,208.59926656133106,194.19823343866895,0.7875661742269815,2502367.6,0.6951784382118757,3.6002582806658188,0.6799999999999784,-0.5700000000000216,5.469999999999999,0.009487204437092481
205.75999999999993,204.63749999999993,201.65175000000002,204.4175,204.05124089643462,204.7580400066605,45.64872821810336,-0.8685307616025568,-2.293363256594857,1.4248324949923004,208.6995250212386,194.60397497876144,0.5942318672203118,2413369.85,0.6266014303609536,3.5238875106190894,-2.5600000000000023,-2.015000000000015,1.5600000000000023,0.01842546063651596
203.88399999999996,204.43649999999994,201.56725,204.4175,203.1402807585216,204.2670740802412,37.36444628634034,-1.2636431805767927,-2.0874192413912445,0.8237760608144518,208.7402587655062,194.3942412344938,0.2604038896112074,2417345.85,1.0510105535788352,3.586504382753238,-4.849999999999994,-9.379999999999995,-2.009999999999991,0.02649775399989906
202.53399999999993,204.30449999999993,201.71375,204.4175,202.83562218028752,204.03692044466777,44.180006272730104,-1.3170942987978833,-1.9333542528725722,0.6162599540746889,208.72601987144898,194.70148012855103,0.46051563829177156,2437957.35,0.943569008703126,3.506134935724184,3.030000000000001,-6.75,-1.3199999999999932,0.012676476436667245
201.75199999999995,204.01449999999994,201.92175,204.4175,202.54552646024328,203.8082596709887,43.8240842808493,-1.360714470637248,-1.8188262964255073,0.45811182578825926,208.57508546050718,195.26841453949282,0.4269727187387348,2354032.3,0.5927977283914074,3.326667730253728,-0.21000000000000796,-3.910000000000025,-2.9000000000000057,0.01298830554864401
201.45199999999994,203.80749999999995,202.28725,204.4175,202.77544546635968,203.82542562128583,50.183615749678964,-1.1328873748346098,-1.6816385121073278,0.5487511372727181,208.55135845612278,196.02314154387722,0.6399041868669104,2303952.95,1.1883055163952023,3.1320542280608916,3.0900000000000034,-1.5,-2.0700000000000216,0.03430650852773978
201.78999999999994,203.77499999999995,202.64075,204.4175,203.06691539461204,203.88798668637577,51.39184908575919,-0.8912235547632008,-1.5235555206385025,0.6323319658753017,208.59731299807567,196.68418700192433,0.6703373237767788,2227677.2,0.8734582371269948,2.9782814990377835,0.6299999999999955,1.6899999999999977,-0.32500000000001705,0.015244051399814358
202.99399999999994,203.43899999999996,202.92525,204.4175,203.23354379544097,203.90739507997756,50.30728072258079,-0.7332108916899926,-1.3654865948488006,0.632275703158808,208.59241108382656,197.25808891617345,0.6080567485098756,2181332.05,0.9046440224449094,2.833580541913573,-0.5199999999999818,6.02000000000001,-3.359999999999985,0.0100906196424198
203.69799999999995,203.11599999999996,203.23425,204.4175,203.45607551921927,203.9646250740533,51.43231891364744,-0.5587769147330448,-1.2041446588256495,0.6453677440926047,208.5666090229898,197.9018909770102,0.6355638277324194,2118887.4,0.737286936530936,2.666179511494542,0.5300000000000011,3.5200000000000102,-3.2299999999999898,0.015731874145006833
204.35599999999994,203.05399999999997,203.49425000000002,204.4175,203.57667928549324,203.985023216716,50.411921741612844,-0.4508440049834803,-1.0534845280572156,0.6026405230737353,208.47898798208274,198.5095120179173,0.5748033299523998,2088752.25,0.6902125419613552,2.492368991041651,-0.4399999999999977,3.2900000000000205,-0.6200000000000045,0.010722679200940059
203.87599999999995,202.664,203.57274999999998,204.4175,203.2787286261866,203.81131779325557,44.760780681099064,-0.5685507679434352,-0.9564977760344595,0.38794700809102434,208.38580669508326,198.7596933049167,0.29921803103063616,2055306.85,1.1635790539013675,2.4065283475413968,-2.6000000000000227,-2.4000000000000057,-3.9000000000000057,0.020481551279507997
203.68199999999996,202.736,203.68675,204.4175,203.34353960677328,203.80307203079218,49.58311646198564,-0.48996147091267517,-0.8631905150101027,0.3732290440974275,208.39736596291576,198.97613403708422,0.5014063978155203,2100827.7,1.2829947929570806,2.355307981458154,2.0600000000000023,-0.9699999999999989,0.7199999999999989,0.016494354442807963
203.522,203.25799999999998,203.84724999999997,204.4175,203.34453351342353,203.76951113962238,48.803561149413085,-0.4507252812628053,-0.7806974682606432,0.3299721869978379,208.27372204330024,199.4207779566997,0.44383224437703184,2194948.1,1.7449118728593171,2.2132360216494966,-0.3499999999999943,-0.8000000000000114,5.219999999999999,0.00899926235554455
203.33999999999997,203.51899999999998,203.91174999999998,204.4175,203.40998989597375,203.7695473515022,49.823051894664694,-0.3813439328902746,-0.7008267611865695,0.31948282829629493,208.2940248373518,199.52947516264817,0.4838268929652947,2160721.3,1.0477214252481337,2.1911374186762,0.4200000000000159,-0.9099999999999966,2.6100000000000136,0.007055013004858435
203.54599999999996,203.95099999999996,203.98274999999998,204.20850000000002,203.6961452965932,203.8806919921317,53.39269027016764,-0.20298140715235036,-0.6012576903797257,0.3982762832273753,208.4045567291645,199.56094327083545,0.6455570176224376,2198070.5,1.174599267857878,2.2109033645828835,1.5,1.0300000000000011,4.320000000000022,0.016125103522190296
204.57399999999996,204.22499999999997,204.01624999999999,203.97470000000004,204.1705844817327,204.09545554827008,56.72986253516976,0.05953033132780661,-0.4691000860382192,0.5286304173660258,208.51155518987153,199.52094481012844,0.8074040452500392,2222876.5,1.285839766626711,2.2476525949354724,1.509999999999991,5.140000000000015,2.740000000000009,0.012090144114517845
205.23999999999995,204.46099999999996,204.118,203.71110000000007,204.61049456146614,204.3128292113612,57.27530792620291,0.28446653291393886,-0.31838676224778756,0.6028532951617265,208.7861156798082,199.44988432019179,0.8119031531926011,2185836.1,0.7310676221332423,2.334057839904367,0.25,3.3300000000000125,2.3600000000000136,0.009375935854707076
206.09599999999995,204.80899999999997,204.12400000000002,203.51030000000006,205.07503385970213,204.55854556607517,58.62338248090148,0.5053200636961037,-0.1536453970590093,0.658965460755113,208.8098143369145,199.43818566308553,0.8741078655613785,2190083.65,1.1206485195211608,2.3429071684567258,0.5999999999999943,4.280000000000001,3.4799999999999898,0.017920339064682354
206.68399999999997,205.01199999999994,204.06400000000002,203.35230000000004,205.32656711205564,204.71791256118073,55.72023454881223,0.599204510164185,-0.003075415614370433,0.6022799257785554,208.5820942885314,199.54590571146863,0.7928225741898,2225132.2,1.1794512703559814,2.25904714426492,-0.9199999999999875,2.9399999999999977,2.030000000000001,0.022084079144695457
206.84399999999997,205.19499999999994,204.12450000000004,203.13430000000005,205.44094140250863,204.81806718627845,53.72695880690406,0.6148780279364701,0.12051527309579767,0.4943627548406724,208.71542790185163,199.53357209814845,0.711885270428153,2237352.35,1.028163042803696,2.2954639509265506,-0.6400000000000148,0.799999999999983,1.829999999999984,0.015383122240015468
206.26399999999995,205.41899999999995,204.04150000000004,202.86430000000004,205.20079657135346,204.74858072803562,47.469246310569375,0.4454498378385381,0.18550218604434576,0.2599476517941923,208.58685928172986,199.49614071827023,0.4822346276729763,2242465.6,0.8213535137395196,2.2726796408651215,-2.1899999999999977,-2.9000000000000057,2.240000000000009,0.01172258191092807
205.4339999999999,205.33699999999993,204.03650000000005,202.64890000000003,204.8437509449914,204.61016734077373,44.89773550497411,0.22785852265823792,0.19397345336712418,0.033885069291113734,208.5867363674877,199.4862636325124,0.37291868964616065,2269233.25,0.9023197593283987,2.275118183743208,-1.0,-4.150000000000006,-0.8199999999999932,0.009710173501577282
204.66399999999993,205.37999999999997,204.31900000000005,202.67550000000003,204.68009695345427,204.54867346367936,47.646568546245796,0.12657918999383355,0.18049460069246606,-0.05391541069863251,207.98250051180494,200.65549948819515,0.42643647813570323,2224374.65,0.7388521533456606,1.831750255903339,0.9000000000000057,-3.8499999999999943,0.4300000000000068,0.016880950044165406
203.98799999999991,205.33599999999996,204.42750000000007,202.68730000000002,204.47238972984593,204.45840135525867,46.400180505824316,0.00988935169556271,0.1463735508930854,-0.1364841991975227,207.82954570809355,201.02545429190658,0.3386999919799584,2199424.4,0.8190215585495915,1.7010228540458525,-0.44999999999998863,-3.3799999999999955,-0.4399999999999977,0.01283627600452473
204.17399999999992,205.50899999999996,204.73000000000008,202.79930000000004,204.86125284833116,204.6466679215358,56.41413376476978,0.21111652281010151,0.15932214527648864,0.05179437753361288,207.91006918163086,201.5499308183693,0.8569104743243097,2336271.25,1.7688023169398672,1.5900345908155535,3.6699999999999875,0.9300000000000068,1.7299999999999898,0.02845410628019331
206.13799999999992,206.20099999999996,205.21300000000005,203.02050000000006,206.22106010243405,205.31728511253314,68.12296554336842,0.9008401865287681,0.30762575352694455,0.5932144330018235,210.230633306646,200.1953666933541,1.3457174410053765,2453513.3,2.071576705942454,2.508816653323426,6.699999999999989,9.819999999999993,6.9199999999999875,0.033364529714553094
208.28199999999993,206.858,205.65950000000007,203.19750000000008,207.35628162513652,205.9308195486418,67.83007855019845,1.4229787813336543,0.5306963590882865,0.8922824222453678,211.8553517574231,199.46364824257702,1.1407916385738799,2604109.75,1.9038030175187508,3.0979258787115453,-0.09999999999999432,10.719999999999999,6.569999999999993,0.01193586142322095
210.72399999999993,207.69399999999996,206.25150000000008,203.42570000000006,208.68454599050014,206.6759440265202,71.03530078788684,2.006500714228281,0.8258572301162854,1.1806434841119955,213.85905223445192,198.64394776554823,1.1400547574223543,2695919.4,1.4130696934040388,3.803776117226035,2.390000000000015,12.210000000000008,8.360000000000014,0.013148756886892926
213.57799999999992,208.78299999999996,206.8975000000001,203.70390000000006,210.05615429965397,207.48513335788908,72.98775763064985,2.569242961205788,1.174534376334186,1.3947085848716019,215.92353761347655,197.87146238652363,1.0928681254341535,2710303.55,0.6825475323603514,4.513018806738316,1.6099999999999852,14.269999999999982,10.889999999999986,0.011304687500000021
215.63199999999992,209.90299999999996,207.54900000000012,204.0551000000001,211.16597671509183,208.20993829434175,71.91766652344546,2.9545339756616045,1.5305342961996697,1.4239996794619347,217.54283990265338,197.55516009734686,0.9863495960856379,2835641.8,1.3924353915223002,4.996919951326443,-0.3299999999999841,10.27000000000001,11.200000000000017,0.012611036958622953
216.6839999999999,211.41099999999997,208.4150000000001,204.4583000000001,212.36505722046232,209.00623916142754,74.01850346108809,3.357545067036824,1.8959364503671006,1.4616086166697235,219.18235529273005,197.64764470727016,0.9896745632198012,2845892.55,0.912377032646577,5.383677646365068,1.6899999999999977,5.260000000000019,15.080000000000013,0.013929484837413278
217.87399999999994,213.07799999999997,209.20750000000012,204.89090000000007,213.47043303269888,209.78725848280328,74.72926993054595,3.6820974028204034,2.253168640857761,1.4289287619626423,220.77361927138412,197.64138072861613,0.9471032918356854,2867876.45,1.093153437624553,5.783059635691701,0.5900000000000034,5.950000000000017,16.670000000000016,0.007866545206103425
219.07999999999993,214.902,210.14100000000013,205.3349000000001,214.78575102766828,210.6933874840771,77.50386894220385,4.0914521114506215,2.6208253349763333,1.4706267764742882,222.64137583434342,197.64062416565685,0.9751457139138067,2878068.4,1.4015754455314544,6.250187917171933,2.469999999999999,6.030000000000001,18.24000000000001,0.019592829474822063
219.85999999999996,216.719,211.02750000000015,205.8003000000001,215.818712408027,211.4938773000714,75.62144057634282,4.3240638961443665,2.9614730472099398,1.3625908489344267,224.09667422792265,197.95832577207764,0.9006565302965045,2949380.75,1.2511375481107347,6.534587113961492,-0.5200000000000102,3.9000000000000057,18.169999999999987,0.013047404063205356
220.87599999999992,218.254,211.88150000000013,206.31150000000008,216.82352588371515,212.29803453710315,76.62102793075785,4.524838782771724,3.2741461943222965,1.2506925884494273,225.55249451392734,198.21050548607292,0.8828726574842513,3020878.75,1.3280281441285917,6.835497256963695,0.8499999999999943,5.079999999999984,15.349999999999994,0.013874522149763922
221.1519999999999,218.91799999999998,212.55950000000013,206.7837000000001,217.36452190160512,212.89373568250292,69.3768500310064,4.470234049698888,3.5133637653976146,0.9568702843012735,226.49368598267665,198.6253140173236,0.7791874605977296,3187154.25,1.9402176722384867,6.967092991338418,-2.009999999999991,1.3799999999999955,6.640000000000015,0.015663066170463827
219.0619999999999,218.468,212.6630000000001,207.01370000000009,216.09305699366587,212.61271822453975,44.20676048347146,3.47987154886178,3.5066653220904476,-0.026793773228667384,226.4614507826016,198.8645492173986,0.3708913030840861,3542265.6,2.4561176327376466,6.899225391300637,-11.240000000000009,-10.450000000000017,-4.5,0.03491152558584401
216.2579999999999,217.66899999999995,212.68150000000009,207.2045000000001,214.84797130233267,212.27103539309235,42.578688796108494,2.576540569016629,3.320640371475684,-0.744099802459055,226.4538771005554,198.90912289944478,0.33004023322120163,3723957.75,1.6348619959504105,6.886188550277446,-1.0999999999999943,-14.02000000000001,-7.990000000000009,0.017884615384615516
213.17799999999988,216.51899999999995,212.65100000000012,207.35650000000012,213.50212956351226,211.8139216602707,39.848795740640426,1.6878733845907448,2.994086974098696,-1.3062135895079514,226.4787299655372,198.82327003446304,0.26312091658113024,3897476.55,1.5637838795976848,6.913864982768554,-1.9000000000000057,-15.400000000000006,-11.5,0.018459485686559876
209.90399999999985,215.38999999999996,212.64650000000012,207.4953000000001,212.34487886143344,211.38177931506544,39.67577780404274,0.9628164921250004,2.587832877703957,-1.6250163855789568,226.48284962697272,198.8101503730275,0.2590946969493876,4085997.35,1.485752064915069,6.918174813486107,-0.12000000000000455,-16.370000000000005,-11.29000000000002,0.022186620060199988
206.67599999999985,213.91399999999993,212.66250000000008,207.5779000000001,211.09182057505907,210.84979566209762,37.10241208393705,0.24178540552506433,2.1186233832681785,-1.8768379777431141,226.45894573793856,198.8660542620616,0.19330869121134278,4261612.05,1.2563675288087286,6.898222868969359,-1.7800000000000011,-16.140000000000015,-14.76000000000002,0.017335945151811912
205.99199999999982,212.52699999999996,212.8025000000001,207.66310000000013,210.25923279428076,210.4668478352756,40.55479746930079,-0.20781770113330822,1.653335166387881,-1.8611528675211892,226.2514819317237,199.3535180682765,0.23520300509886718,4391977.85,1.0598619025366898,6.724490965861982,1.4800000000000182,-3.4199999999999875,-13.870000000000005,0.013443212757681908
206.22999999999985,211.24399999999997,213.0730000000001,207.84410000000014,210.0947354413145,210.37226651414406,47.86375018142988,-0.2777025544852165,1.2671276222132615,-1.544830176698478,225.99241809834547,200.15358190165472,0.3497223338372569,4534021.95,0.9890481452124421,6.459709049172834,3.509999999999991,1.1899999999999977,-12.830000000000013,0.017926287107414313
206.51799999999986,209.84799999999996,213.2835000000001,207.94530000000017,209.7016992195738,210.16246899457784,45.05907771925687,-0.4609148748665177,0.9215191227973056,-1.3824339976638234,225.68800446409887,200.8789955359013,0.2684913566429444,4645454.9,0.8675221451401884,6.2022522320492035,-1.6500000000000057,1.4399999999999977,-13.960000000000008,0.011612219331213381
207.07799999999983,208.49099999999999,213.3725000000001,208.04390000000018,209.55989933963937,210.06006388386837,47.54662469736154,-0.5002873210356995,0.6371578340307046,-1.1374451550664042,225.6199436108057,201.12505638919447,0.31251189448432176,4807712.6,1.534525171076158,6.123721805402712,1.240000000000009,2.8000000000000114,-13.569999999999993,0.025002394865408558
209.51799999999986,208.09699999999998,213.50750000000008,208.24970000000016,210.6122225181564,210.5296887813596,59.639934479122445,0.08242984872958914,0.5262122369704815,-0.44378238824089233,225.8257253186024,201.18927468139776,0.6174073344652915,4861204.5,1.2656285083254573,6.159112659301264,7.6200000000000045,12.200000000000017,-3.9399999999999977,0.03604436229205168
211.88199999999983,208.93699999999998,213.70250000000004,208.49980000000014,211.6718805922862,211.0460081308885,61.03647138125644,0.6257845561100339,0.546126700798392,0.07965785531164193,226.1432746945252,201.2617253054749,0.6526231321298317,4881982.65,1.1006337763203644,6.220387347262854,1.0999999999999943,11.819999999999993,8.400000000000006,0.013471264367816123
213.94199999999984,210.08599999999996,213.87750000000005,208.73940000000013,212.87466819347293,211.67148901008196,63.49724292631752,1.2031048019937316,0.6775223210374599,0.5255824809562717,226.538577165863,201.21642283413712,0.7216438588310834,4976245.1,1.144391179606487,6.330538582931588,1.990000000000009,10.300000000000011,11.490000000000009,0.014578796300514892
217.48199999999983,212.0,214.25950000000006,209.08600000000013,214.77702693293864,212.67656389822403,69.49263010782212,2.100400096609235,0.962097876151815,1.1383022204574198,227.77871073879416,200.74028926120596,0.9061072873319008,5248678.05,1.3905539510086735,6.759605369396939,5.75,17.700000000000017,19.140000000000015,0.02717101758124669
222.50799999999987,214.79299999999998,215.09150000000008,209.66700000000012,217.72056125094807,214.2494110168741,75.91592048271266,3.4710969787540478,1.4638976966722614,2.0071992820817863,231.0732386726193,199.10976132738085,1.0887500848778355,5605688.65,1.9781084345453255,7.9908693363096726,8.669999999999987,25.129999999999995,27.930000000000007,0.05638920952503099
225.84199999999987,217.67999999999998,215.79700000000008,210.2176000000001,220.08201336618683,215.64352871932786,74.2840222539745,4.43843958466519,2.058806074270847,2.379633510394343,233.54741644581574,198.04658355418442,0.9865519649278908,5752423.2,0.9615457360647596,8.875208222907824,-0.8400000000000034,16.669999999999987,28.870000000000005,0.01866392071051613
228.47599999999989,220.17899999999995,216.35300000000007,210.7714000000001,221.71093438677346,216.7566006660443,69.67554724960308,4.954295591180568,2.6379039776527913,2.3163916135277764,235.20147378436636,197.50452621563377,0.8797920235821703,5787536.7,0.6630280201938071,9.424236892183071,-2.4000000000000057,13.169999999999987,24.98999999999998,0.018576321151428432
230.3759999999999,222.15899999999993,216.70150000000004,211.3886000000001,222.83079063496217,217.66277839448546,66.56257901613711,5.167979977012521,3.1439191775247375,2.024060799487784,236.20265204289183,197.20034795710825,0.81507112946384,5771239.85,0.6424777164650332,9.750576021445829,-1.6799999999999784,9.5,19.80000000000001,0.012271278221756419
231.09799999999987,224.2899999999999,217.06900000000005,211.94240000000013,223.75682284496799,218.49146147637543,66.29675756393043,5.265334068738241,3.5682021557674384,1.6971319129708027,237.18533157412028,196.9526684258798,0.7928217790751736,5759046.25,0.5983992575159472,10.05816578706023,-0.14000000000001478,3.609999999999985,21.310000000000002,0.00786541402665494
229.95599999999985,226.2319999999999,217.36150000000004,212.48740000000012,224.44038856112675,219.2106124781254,64.99887402777192,5.2297529831246266,3.900512321238876,1.3292406618857506,237.94126217063697,196.7817378293631,0.7633290878226049,5743300.4,0.6436882528380371,10.289881085318466,-0.6500000000000057,-5.710000000000008,19.419999999999987,0.01156879929886059
228.67599999999987,227.25899999999993,217.67800000000003,212.9400000000001,224.78340570556878,219.76315970196796,61.92576766725405,5.020226457551274,4.124455148501355,0.8957713090499189,238.62271923898754,196.7332807610125,0.7146603135949853,5665763.85,0.8177259276346296,10.472359619493648,-1.5300000000000011,-6.400000000000006,10.269999999999982,0.015352715401244055
227.7599999999999,228.11799999999994,218.5275,213.36840000000012,224.98442021240436,220.23181453885923,60.75313577089564,4.75258913458012,4.250081945717108,0.5025071888630119,239.3896809741949,197.6653190258051,0.6812490268719819,5512295.0,1.0215062873086436,10.431090487097608,-0.5799999999999841,-4.579999999999984,8.590000000000003,0.01791322039895622
227.78399999999993,229.07999999999998,219.583,213.86760000000012,225.6191247951114,220.88945790635114,64.52045151957468,4.729652894251387,4.345996135423964,0.38365675882742334,240.34369565308617,198.82230434691382,0.7294479953657955,5399606.15,0.710122163261852,10.380347826543206,3.0200000000000102,0.12000000000000455,9.620000000000005,0.013093710444764508
228.13399999999993,229.61599999999993,220.808,214.38600000000014,226.38541328817118,221.6087573206955,66.24218300488623,4.776644125968176,4.432125733532806,0.3445183924353694,241.12844743602102,200.48755256397897,0.740939576523355,5286750.5,0.7259086654458159,10.160223718010684,1.4899999999999807,1.75,5.359999999999985,0.009930615784909022
228.57399999999993,229.26499999999996,222.029,214.90920000000014,227.00304201306793,222.25996048212548,65.7807437606242,4.743071511205329,4.494314889067311,0.24875662213801863,241.55807053600108,202.4999294639989,0.7143215158286308,5193371.55,0.8093393587447061,9.764535268000493,-0.19999999999998863,2.200000000000017,-3.509999999999991,0.011501736111111136
229.16799999999995,228.92199999999994,223.30100000000002,215.46920000000011,227.40872785721132,222.8066300760421,63.95752075694971,4.602089302930125,4.515869771839873,0.0862195310902516,241.2710716748725,205.33092832512753,0.6763765919994571,5069166.4,0.5661775080021046,8.985035837436397,-0.7600000000000193,2.969999999999999,-3.430000000000007,0.015197700748998472
230.53599999999992,229.1479999999999,224.66350000000003,216.0538000000001,228.25815434071728,223.55650932966861,68.08178595918378,4.701637837154038,4.553023384902707,0.14861445225133174,241.15414737965284,208.17285262034721,0.7506420703107054,4932295.15,0.3887571488904106,8.245323689826233,3.2900000000000205,6.840000000000003,2.2600000000000193,0.016571502168033374
230.7039999999999,229.24399999999986,225.70150000000004,216.58580000000012,228.51843828829925,224.03010123117465,61.24562829175786,4.48833098690605,4.540084905303376,-0.051753918397325904,240.71267087372073,210.69032912627935,0.6415112796909663,4869345.85,0.6623846609704259,7.505585436860249,-2.980000000000018,0.839999999999975,0.9599999999999795,0.01697238530115236
229.97599999999989,229.0549999999999,226.67250000000004,217.0496000000001,228.27867855163782,224.24713076960617,55.251017156970526,4.031542645692895,4.438376453381279,-0.4068338076883844,239.1589981079571,214.18600189204298,0.5115124351725467,4869010.6,0.8263136662713366,6.243249053978743,-2.9899999999999807,-3.6399999999999864,-1.8899999999999864,0.026612618963694008
229.8539999999999,229.21399999999988,227.72300000000004,217.5400000000001,228.51118954369355,224.65771367556127,59.31047871197589,3.8534715219994666,4.321395467104916,-0.46792394510544977,237.17889149683992,218.26710850316016,0.6092969394102467,4632871.45,0.5730297135699718,4.727945748419713,2.829999999999984,-0.6100000000000136,1.5900000000000034,0.014578528221419532
229.1839999999999,229.17599999999987,228.21750000000006,217.93020000000013,228.169468075433,224.77862377366785,52.91687458534309,3.390840624268151,4.135284498537564,-0.7444438742694128,236.16761918149714,220.26738081850297,0.3787754022300645,4584433.85,1.130723480719435,3.975059590748286,-3.5,-3.3499999999999943,-0.37999999999999545,0.020460029166114245
227.87399999999988,229.20499999999987,228.66150000000007,218.31720000000007,227.89416529459714,224.89724423487763,53.057008811887485,2.996917947991278,3.9076111884283065,-0.9106932404370283,234.99539066845583,222.32760933154432,0.31989742802457266,4474773.4,0.710665259608453,3.166945334228348,0.09000000000000341,-6.550000000000011,0.28999999999999204,0.00993904055128545
226.90199999999987,228.80299999999988,228.94150000000008,218.6664000000001,227.4627552492745,224.9115224397015,50.72652580688046,2.551230176572176,3.63633498605708,-1.0851048094849043,233.99446061729512,223.88853938270503,0.11888679808651836,4317176.0,0.5890014676260592,2.5264803086475154,-1.289999999999992,-4.859999999999985,-4.02000000000001,0.012417255320094255
227.32599999999985,228.6509999999999,229.13350000000008,219.1138000000001,227.7115621340015,225.2202985552792,57.01553933223031,2.491261350798567,3.4073202590053775,-0.9160589082068107,233.89255148111894,224.37444851888122,0.49437913203793576,4129644.1,0.8591374738564033,2.379525740559046,3.990000000000009,2.1200000000000045,-1.5199999999999818,0.021651824690064516
227.17999999999984,228.51699999999988,228.89100000000013,219.5736000000001,227.91901411338588,225.50472088451775,56.97628340464127,2.4142913437018763,3.208714475944677,-0.7944231322428008,233.1160959752273,224.66590402477297,0.5199995456897026,3794337.1,1.155015984215003,2.112547987612893,-0.020000000000010232,-0.7299999999999898,-1.3400000000000034,0.026805203876713465
227.45999999999987,228.3219999999999,228.62200000000013,220.04980000000015,227.88378117286499,225.6665934115905,54.22227659381815,2.217186166133814,3.0104088139825045,-0.7932226478486903,232.411150828338,224.83284917166225,0.37701729988814486,3653570.45,0.743350932236711,1.8945754141681843,-1.3700000000000045,1.4000000000000057,-1.9499999999999886,0.011419034652378209
227.70799999999986,227.79099999999988,228.4695000000001,220.54460000000017,227.84319945396268,225.81129019591714,54.07844402497977,2.031907908311126,2.814708632848229,-0.7828007245371027,232.16091964559934,224.77808035440086,0.3849358672871519,3583322.7,0.678795688705346,1.8457098227995832,-0.06999999999999318,1.240000000000009,-5.310000000000002,0.014146384324751774
229.88999999999987,228.3959999999999,228.8200000000001,221.18900000000016,229.09809184566072,226.566009440664,65.78093449353692,2.5320812629137492,2.758183158861333,-0.22610189594758356,233.7619307967537,223.87806920324653,1.226436720311475,3807792.65,2.1527674307580797,2.470965398377474,8.379999999999995,10.909999999999997,6.050000000000011,0.03302203389830502
230.69999999999987,229.01299999999992,229.0340000000001,221.78500000000014,229.71838540786675,227.05223096357778,60.12934349525364,2.666153477911081,2.7397772226712824,-0.0736237447602015,234.3212049326548,223.7467950673454,0.8873502211633861,3904602.8,1.378478753331837,2.643602466327577,-2.8700000000000045,4.049999999999983,6.1699999999999875,0.028610646420452177
230.25999999999985,228.71999999999994,228.9670000000001,222.18220000000017,229.27863380665647,227.0379916329424,50.01880426294275,2.240641356009718,2.6399500493389696,-0.3993086933292518,234.3282241139376,223.6057758860626,0.3034963699313985,4041201.3,1.5908301821045143,2.680612056969159,-6.269999999999982,-2.1999999999999886,-2.9299999999999784,0.0365423609274442
230.09799999999987,228.77899999999994,228.9775000000001,222.44580000000013,228.90961322101703,227.02628854902073,50.04765725499123,1.883323980092598,2.4886248354896954,-0.6053008553970973,234.32148306507997,223.63351693492024,0.30375124935311126,4053104.35,1.2018202788191228,2.6719915325400905,0.01999999999998181,-0.8100000000000023,0.5900000000000034,0.03173483779971786
230.2379999999999,228.97299999999996,229.08900000000008,222.7402000000001,228.81890349470672,227.12211902687105,52.187787643420435,1.6967838823786963,2.3302566448674957,-0.6334727624887995,234.27815754240643,223.89984245759373,0.42590319394663384,4113228.1,1.6613031988184657,2.5945787712026216,1.4399999999999977,0.6999999999999886,1.9399999999999977,0.02246846531184301
228.4659999999999,229.17799999999994,228.9905000000001,222.9632000000001,228.56061064936722,227.1234435433991,50.286533094585586,1.4371666105814427,2.151638638010285,-0.7144720274288425,234.24865357324578,223.73234642675445,0.32403518894771655,4094902.7,0.8468753115916526,2.629076786623019,-1.1800000000000068,-8.860000000000014,2.049999999999983,0.010125913533503617
227.6199999999999,229.15999999999994,228.90550000000007,223.18920000000008,228.61282439561842,227.25504031796214,53.03482386217284,1.35778365848293,1.9928676421048142,-0.6350839836218842,234.11153678434326,223.6994632156569,0.49947176708234087,3996697.25,0.4687843193526855,2.6030183921711636,1.7600000000000193,-4.22999999999999,-0.18000000000000682,0.01585845347313235
228.6199999999999,229.43999999999997,228.97850000000008,223.4810000000001,229.1123898732156,227.59614844255753,57.30932445669619,1.5162410759729141,1.897542328878434,-0.38130125290551997,234.3058455866768,223.65115441332335,0.77044425343893,3940146.45,0.7797131500023304,2.66367279333888,2.960000000000008,5.0,2.8000000000000114,0.015483481411196426
229.1459999999999,229.62199999999993,228.97200000000007,223.69200000000012,229.17356066195165,227.7379152245903,53.171702329435554,1.4356451372431707,1.8051628905513815,-0.3695177533082108,234.2964177146331,223.64758228536704,0.5505219564687184,3949339.45,0.7732705781975768,2.6622088573169287,-2.3500000000000227,2.6299999999999955,1.8199999999999932,0.012025619798701542
228.8019999999999,229.51999999999992,228.65550000000007,223.83300000000014,228.77762825242064,227.65362520795398,48.50194314592241,1.1240027905204784,1.6689308705452008,-0.5449280800247225,233.74871695983083,223.56228304016932,0.2982120125441914,3972045.15,0.5970674829816575,2.546608479915584,-2.9099999999999966,-1.7199999999999989,-1.0200000000000102,0.0089585172109444
228.5519999999999,228.50899999999993,228.4525000000001,223.91040000000012,228.33337775204822,227.5229863036611,47.40794867482334,0.8103912335095913,1.497222943138079,-0.6868317096284877,233.64581060113534,223.25918939886486,0.2532883937810343,3907620.6,0.4956696665996694,2.5966553005681607,-0.710000000000008,-1.25,-10.110000000000014,0.008610385585904615
227.87599999999992,227.7479999999999,228.38050000000013,223.99080000000012,227.90055040557925,227.37461694783434,46.81533430698555,0.5259332759254676,1.3029650096955567,-0.7770317337700892,233.6931395510918,223.06786044890845,0.2307835424847974,3810949.5,0.5483956163680469,2.656319775545719,-0.3699999999999761,-3.3799999999999955,-7.609999999999985,0.014810216388790366
226.80799999999994,227.71399999999988,228.21700000000016,224.07420000000013,227.68815803549015,227.3113119887355,48.682444428732296,0.37684589290742565,1.1177411863379305,-0.7408952934305049,233.54730618255437,222.88669381744594,0.34081589857311295,3810087.1,0.6922479541215737,2.665153091276949,1.0,-5.340000000000003,-0.3400000000000034,0.0068868091117780935
225.25399999999996,227.1999999999999,227.98950000000013,224.10220000000012,226.7730567992609,226.89862221179212,41.23129816823315,-0.12556554270963716,0.8690798405284169,-0.9946453832380541,233.97721901476973,222.00178098523054,-0.02185982546816312,3742366.15,1.0232317861254705,2.9938595073846526,-4.780000000000001,-7.769999999999982,-5.139999999999986,0.025074411472896067
224.05999999999995,226.4309999999999,227.70200000000014,224.3328000000001,225.82797113783616,226.43427982573343,39.71129488619718,-0.6063087980482464,0.5740021128130842,-1.1803109108613308,234.47226616905158,220.9317338309487,-0.022283749516969202,3734183.95,0.8077861295504738,3.385133084525967,-1.1100000000000136,-5.969999999999999,-7.689999999999998,0.014383809998640341
222.91599999999994,225.73399999999992,227.45600000000013,224.57620000000009,224.95751403970752,225.97025909790133,39.06851255563832,-1.0127451513984909,0.25665265997076914,-1.2693978113692599,234.91094037533608,220.00105962466418,0.011330766366336946,3763069.3,0.8292512710302731,3.7274701876682976,-0.46000000000000796,-5.719999999999999,-6.969999999999999,0.009901439796520901
221.44999999999996,224.66299999999993,226.9115000000001,224.8180000000001,223.91635803359867,225.3939436091679,36.341747440414835,-1.4775856544347334,-0.09019500291033138,-1.387390651524402,235.33969618897686,218.48330381102335,-0.01740015327401621,3764930.9,0.9522522710841785,4.214098094488128,-1.9799999999999898,-7.3300000000000125,-10.710000000000008,0.017049360648975657
219.96599999999995,223.3869999999999,226.4135000000001,225.0804000000001,223.17537987458348,224.92772556404435,38.46737503913191,-1.7523457561931934,-0.42262515356690383,-1.3297206026262895,235.43143607206508,217.39556392793514,0.09450255903591483,3815420.85,1.413295993284725,4.508968036032451,0.9099999999999966,-7.420000000000016,-12.76000000000002,0.05271565495207673
219.31799999999993,222.2859999999999,225.95400000000012,225.3664000000001,222.4560906631091,224.4515977444855,37.57644680958982,-1.9955071378421962,-0.7372015504219623,-1.2583055874202338,235.580911031055,216.32708896894525,0.11285608769237035,3880717.15,1.0363576742510079,4.813455515527233,-0.5999999999999943,-3.240000000000009,-11.009999999999991,0.02704805491990845
219.09999999999997,221.57999999999987,225.55000000000013,225.6436000000001,222.00746133032308,224.08777568933843,40.16337304129987,-2.0803144067940877,-1.0058241216963875,-1.0744902850977003,235.53485453072975,215.5651454692705,0.19904418830020923,3991488.5,1.1644204912528247,4.992427265364789,1.039999999999992,-1.0900000000000034,-7.060000000000002,0.019768607087546703
219.60399999999996,221.2599999999999,224.88450000000012,225.91360000000012,222.11246727950416,223.98423674938743,47.288647778582956,-1.8717695103114522,-1.1790131994194004,-0.6927563108920518,233.70046160380943,216.0685383961908,0.37553825103707966,3812211.1,1.2097294402190897,4.407980801904613,3.1500000000000057,2.5200000000000102,-3.1999999999999886,0.02068435942341372
220.4819999999999,220.9659999999999,224.3570000000001,226.2144000000001,222.18439539034966,223.8802192123958,47.07782491175044,-1.6958238562545773,-1.2823753307864358,-0.4134485254681415,232.3615389623548,216.3524610376454,0.3890004778315578,3710552.2,0.9026241431127151,4.002269481177516,-0.10999999999998522,4.390000000000015,-2.9399999999999977,0.02057687123730799
221.67599999999993,220.8209999999999,224.2675000000001,226.54020000000008,222.6283345610651,223.9683511225887,52.265626862677685,-1.3400165904692187,-1.2939035827229923,-0.0461130077462264,232.1977758463927,216.3372241536075,0.5505972311395035,3621938.95,1.2856649613047728,3.9651379231963966,2.4899999999999807,5.969999999999999,-1.450000000000017,0.020171057893099874
222.5939999999999,220.9559999999999,224.07800000000012,226.6740000000001,222.69936001320892,223.90328807647103,48.21795741689386,-1.203928087754548,-1.2759084837293035,0.07198039597475558,231.93025470803258,216.22574529196766,0.43708813348926145,3527009.7,0.842787021538387,3.9261273540165256,-1.9799999999999898,4.590000000000003,1.3499999999999943,0.008516742122013563
223.81799999999993,221.4589999999999,223.9450000000001,226.83720000000008,223.15484308809985,224.0334148856213,53.2759897567756,-0.8785718182458311,-1.1964411506326091,0.31786933238677806,231.59279576086087,216.29720423913935,0.6121238101556511,3337184.85,0.9099951415637045,3.82389788043061,2.569999999999993,6.1200000000000045,5.030000000000001,0.014712399184613992
223.58199999999994,221.59299999999985,223.6635000000001,226.8776000000001,222.90179030531525,223.84649526446418,45.54031637671995,-0.9447049766849318,-1.1460939158430736,0.20138893915814182,231.2342364899215,216.09276351007873,0.35777473546550004,3480436.65,1.8195728400917741,3.785368244960427,-4.150000000000006,-1.1800000000000068,1.3400000000000034,0.02649993228296693
224.2079999999999,222.34499999999986,223.50400000000013,226.88700000000009,223.333822566036,223.98453265228164,52.981192656971956,-0.6507101010838028,-1.0470171528912195,0.39630705180741677,230.7543610944418,216.25363890555846,0.6521303540103027,3542308.55,0.878248451846466,3.625180547220488,4.200000000000017,3.1299999999999955,7.52000000000001,0.025563776527402462
223.33399999999992,222.50499999999982,222.94600000000014,226.6228000000001,222.92861909433813,223.7412339372978,45.07050073430647,-0.8126148555150223,-1.00013669341598,0.18752183790095778,229.18540830526234,216.70659169473794,0.32001498458548416,3568673.9,1.0086354485905815,3.1197041526308045,-5.010000000000019,-4.3700000000000045,1.5999999999999943,0.020616221114635305
222.92599999999993,222.75999999999985,222.52300000000014,226.38240000000008,222.63960077213227,223.54188327527575,45.68068642109685,-0.9022825137672328,-0.9805658574862306,0.07828334371899781,228.02901888843334,217.01698111156693,0.3662372914217077,3511791.9,0.5456667292842723,2.7530094442169144,0.35000000000002274,-2.039999999999992,2.5500000000000114,0.009726306265550806
222.60599999999994,223.21199999999985,222.39600000000013,226.25020000000006,222.85812373026576,223.580262291922,50.74784766935762,-0.7221385706455692,-0.9288804001180984,0.20674182947252917,227.63048335558017,217.1615166444201,0.6589459634278925,3483884.6,0.5205203984081447,2.617241677789385,3.009999999999991,-1.5999999999999943,4.52000000000001,0.013924841560296242
223.04799999999994,223.31499999999983,222.28750000000014,226.14480000000006,222.99072007945566,223.5906132332611,50.17843818590207,-0.5998931614118135,-0.8630829523768414,0.2631897909650279,227.3136033614349,217.26139663856537,0.6425060227562588,3511130.95,0.7068423352310457,2.513051680717306,-0.3400000000000034,2.210000000000008,1.0300000000000011,0.015219917754335783
222.38799999999998,223.29799999999983,222.13200000000012,226.01600000000005,222.90137852877018,223.5031604011677,47.946210854266674,-0.6017818788336626,-0.8108227376682057,0.20904085883454304,226.93597585337804,217.3280241466222,0.5289343669165616,3567664.0,0.9027108494521906,2.401987926689686,-1.3100000000000023,-3.3000000000000114,-0.17000000000001592,0.016351333123510718
222.95799999999994,223.14599999999982,221.9835000000001,225.92300000000003,223.00116644742093,223.5066300010812,50.02951687543139,-0.5054635591062322,-0.749750901955811,0.24428734284957876,226.40404419725536,217.56295580274485,0.677184067175774,3607932.75,0.9542583630473711,2.210272098628153,1.1400000000000148,2.8500000000000227,-1.5199999999999818,0.011585774994408297
223.21799999999993,223.07199999999983,222.01400000000012,225.83660000000003,222.90098699397154,223.4209537047048,47.85822414666704,-0.5199667153413827,-0.7037940646329253,0.18382734929154254,226.4358204395785,217.59217956042176,0.5379934016533594,3646313.9,1.260706325914508,2.2109102197885506,-1.200000000000017,1.299999999999983,-0.7400000000000091,0.022284686305374467
220.36999999999995,221.48799999999983,221.47350000000012,225.51120000000003,220.88852745643746,222.41347565250445,32.16213521341667,-1.5249481999661612,-0.8680248916995724,-0.6569233082665887,228.38288282336916,214.56411717663107,-0.34330976426616844,4104756.8,2.9685753855137045,3.4546914116850145,-12.530000000000001,-14.240000000000009,-15.840000000000003,0.04317986845867888
216.72999999999993,219.88899999999984,220.74100000000013,225.03940000000003,218.52413861698554,221.16210708565225,28.685212688044054,-2.637968471966019,-1.2220136077528618,-1.4159548642131572,230.54693473361303,210.93506526638723,-0.27611163104244363,4283559.35,1.5633216334448594,4.902967366806464,-4.299999999999983,-18.19999999999999,-15.98999999999998,0.0390472946671857
213.95199999999994,218.16999999999985,220.25750000000016,224.59780000000003,216.98504036821853,220.22565470893727,34.04257838640864,-3.240614343510458,-1.625733754904381,-1.614880588606077,231.38360960757714,209.13139039242319,-0.02747547947967422,4435711.65,1.4942833355725456,5.563054803788376,3.0,-13.889999999999986,-17.189999999999998,0.01954248992902354
210.62999999999997,216.7939999999998,219.64950000000013,224.12860000000003,215.43964954233877,219.24153213790487,32.65136558085888,-3.8018825979283406,-2.060963523509173,-1.7409190744191676,232.19999238077318,207.09900761922708,-0.006334716376174905,4319971.4,0.7123922163003208,6.275246190386612,-1.5800000000000125,-16.610000000000014,-13.759999999999991,0.017203054025321362
207.16199999999998,215.18999999999983,218.97500000000014,223.63600000000005,213.83508807428666,218.18734457213415,30.985592531624405,-4.352256499846334,-2.519222118776605,-1.8330343810697287,233.0566824278861,204.89331757211417,0.004143057070181961,4289541.95,0.7957078027876613,7.040841213943126,-1.9300000000000068,-17.340000000000003,-16.04000000000002,0.009950734110531155
206.252,213.31099999999984,218.26150000000015,223.08280000000005,212.5173822167041,217.23050423345754,31.492644424040932,-4.713122018444778,-2.9580020987102396,-1.7551199197345388,233.55067953978622,202.9723204602141,0.0751407076425132,4226273.55,0.8003275131114028,7.644589769893064,0.2600000000000193,-4.549999999999983,-18.789999999999992,0.013104691382082125
205.698,211.21399999999986,217.26450000000017,222.53880000000004,211.01470802951886,216.15787429023845,29.24956845131082,-5.143166262150743,-3.39503493139834,-1.7481313307524027,233.8169010040781,200.71209899592225,0.06155907543490781,4263257.1,1.2552409752627869,8.276200502038959,-2.5200000000000102,-2.7700000000000102,-20.97,0.01775585696670774
205.602,209.77699999999987,216.5375000000002,222.1604000000001,210.5570606403621,215.5565502687393,39.06173192858704,-4.999489629588169,-3.7159258710363057,-1.283563758551863,233.3670940236164,199.70790597638398,0.24754292979153142,4340689.55,1.1283651925763731,8.414797011807918,5.289999999999992,-0.4800000000000182,-14.370000000000005,0.02696596808306088
206.37599999999998,208.50299999999987,215.82450000000023,221.78080000000006,210.5959743879987,215.20495395253639,43.481836120493284,-4.6089795655623504,-3.8945366099415146,-0.7144429556208358,232.3533202543214,199.29567974567905,0.348310408037462,4361089.25,1.1613139997077564,8.264410127160568,2.7700000000000102,3.8700000000000045,-12.740000000000009,0.017930838195531526
207.64399999999995,207.40299999999988,215.23750000000024,221.48200000000006,210.7119783283066,214.91940180790405,44.32958174735122,-4.2074234804644846,-3.9571139840461087,-0.25030949641837585,231.52462236706268,198.9503776329378,0.3806572483343662,4394262.8,0.8274400429578314,8.143561183531043,0.539999999999992,6.340000000000003,-11.0,0.01244381357937069
208.97799999999998,207.61499999999987,214.5515000000002,221.19320000000008,210.90090473933634,214.69870537768892,45.29506982878871,-3.797800639086205,-3.925251315054128,0.12745067596792303,230.16678004871275,198.93621995128765,0.41637998191984016,4553527.8,1.3664398842585304,7.807640024356296,0.5900000000000034,6.6699999999999875,2.1200000000000045,0.014626781164480487
210.41,208.05399999999986,213.9715000000002,220.88960000000006,210.7484578563615,214.3439864608231,42.56009264827688,-3.595528605082336,-3.8593067730597697,0.2637781679774336,229.3700691218292,198.57293087817118,0.36812086344299966,4573990.25,1.4740208508315031,7.6992845609146325,-2.030000000000001,7.159999999999997,4.389999999999986,0.026058787099233
211.202,208.40199999999987,213.2860000000002,220.54800000000006,210.94100280153665,214.17035783409546,46.164286787299,-3.2293550330840617,-3.7333164250646282,0.5039613919805666,227.72397686657322,198.84802313342718,0.4554646744525002,4608360.2,0.824246767863328,7.218988433286743,2.0900000000000034,3.960000000000008,3.4799999999999898,0.01320754716981124
211.30599999999998,208.84099999999984,212.8175000000002,220.19340000000008,211.00084852437718,213.95996095749578,45.18545888124156,-2.959112433563064,-3.578475626764315,0.6193631932012513,226.86559293106092,198.76940706893947,0.4470568707332766,4584732.15,0.6820311193097724,7.024046465530465,-0.6699999999999875,0.5200000000000102,4.390000000000015,0.013994227038281393
211.49,209.56699999999987,212.3785000000002,219.88500000000008,211.19610259754992,213.83477866434794,46.88698606888488,-2.6386760671740888,-3.39051571484627,0.7518396476721811,225.9093229978712,198.84767700212922,0.4959906356022371,4626687.95,0.5955413526429851,6.765411498935362,0.9399999999999977,0.9200000000000159,7.260000000000019,0.015381353936024808
211.68,210.32899999999987,211.82000000000022,219.59040000000005,211.45670219792686,213.76479505958142,48.03281767952423,-2.308092861972767,-3.174031144271569,0.865938282298802,224.25367684957658,199.38632315042386,0.543028301802625,4734848.6,0.8398676147744196,6.216838424788012,0.6199999999999761,0.9499999999999886,7.619999999999976,0.014937291559021123
212.10200000000003,211.25599999999986,211.2350000000002,219.11080000000004,211.54336339824582,213.6355509810939,46.51633454550804,-2.092187583117351,-2.9576624320407254,0.8654748489233746,222.41146724147262,200.0585327585278,0.5351184315687387,4877431.25,1.0934995752118495,5.58823362073616,-0.8699999999999761,2.1100000000000136,9.27000000000001,0.02370059428355818
211.30200000000005,211.25199999999987,210.51450000000023,218.60820000000007,210.99823056774645,213.21810276027213,40.2006041270953,-2.219872192753513,-2.810104384183283,0.5902321914297697,220.51219268379887,200.51680731620158,0.37424598457227054,5064493.15,1.3746305491596922,4.998846341899437,-4.02000000000001,-4.0,-0.03999999999999204,0.02259615384615379
210.96000000000004,211.13299999999987,209.8180000000002,218.26340000000008,210.78619509578544,212.9515766298816,43.52814788574404,-2.165381534288912,-2.681159814204409,0.5157782799154971,217.82977783015292,201.8062221698475,0.48764319204814793,5157138.3,1.0268879157264408,4.005888915076093,1.6200000000000045,-1.710000000000008,-1.1899999999999977,0.017364755271443634
210.75800000000004,211.12399999999988,209.2635000000002,217.9510000000001,210.8590881579723,212.82627465729777,46.75808567728372,-1.9671864994885766,-2.5383651512612424,0.5711786517726658,214.91720418396199,203.6097958160384,0.6765656581098982,5179428.15,0.9736070959880001,2.826852091981201,1.6399999999999864,-1.0100000000000193,-0.09000000000000341,0.01815393354160757
211.08400000000006,211.3819999999999,209.4985000000002,217.6750000000001,211.4223053644381,212.95173579379423,52.56588216618123,-1.5294304294941412,-2.3365782069078223,0.807147777413681,215.59831073474655,203.39868926525386,0.9116111317516659,4854300.9,1.1706598163290618,3.0499053673727485,3.2600000000000193,1.6300000000000239,2.5800000000000125,0.02130337497669225
211.44400000000005,211.77299999999985,209.9135000000002,217.40860000000012,211.79118146221685,213.01605166092057,51.272556712083386,-1.224870198820497,-2.1142366052903574,0.8893664064698603,216.00350582920498,203.8234941707954,0.8207303990799213,4728326.3,0.8834180923596581,3.04500291460206,-0.700000000000017,1.799999999999983,3.9099999999999966,0.022889346179029015
211.56200000000004,211.43199999999987,209.9170000000002,217.00240000000014,211.2986920064912,212.68819598233387,42.7996501166876,-1.3895039759414942,-1.9692900794205848,0.5797861034790905,216.00387801748386,203.83012198251654,0.39099502272030207,4659090.0,1.1254309317914013,3.043439008741684,-5.22999999999999,0.5900000000000034,-3.4099999999999966,0.03274365981111277
210.90800000000004,210.93399999999988,209.8875000000002,216.4922000000001,210.53735477472333,212.21869998364247,39.76843370274952,-1.6813452090027567,-1.9117011053370192,0.23035589633426246,216.03719877308959,203.7378012269108,0.21238428657026118,4695848.3,0.8119257174470479,3.074849386545053,-2.240000000000009,-3.2700000000000102,-4.980000000000018,0.014829173733947189
209.99400000000006,210.3759999999999,209.97150000000016,216.03580000000014,209.9454540401505,211.8091666515208,40.457748435228964,-1.8637126114410307,-1.9021034065578215,0.03839079511679078,215.89411521625536,204.04888478374497,0.22296866500851115,4701735.55,0.7509922585926808,2.9613076081269956,0.3400000000000034,-4.569999999999993,-5.5800000000000125,0.013498475978518516
208.98400000000007,210.03399999999988,210.18150000000014,215.6932000000001,209.87230726474274,211.63589504770445,45.90868930465101,-1.7635877830215634,-1.8744002818505698,0.11081249882900646,215.70693672480516,204.65606327519512,0.4356159489795578,4726844.9,0.8218145681065185,2.762718362402816,2.780000000000001,-5.050000000000011,-3.4199999999999875,0.015563087793001477
208.3040000000001,209.87399999999988,210.56500000000014,215.38380000000012,209.95656768555156,211.54582874787448,47.67166618492654,-1.5892610623735663,-1.8173724379551692,0.22811137558160288,214.9133445125504,206.21665548744988,0.48332698805468943,4680032.1,0.9434035719541326,2.1741722562754755,0.9499999999999886,-3.4000000000000057,-1.6000000000000227,0.016086873871305103
208.5340000000001,210.04799999999986,210.65000000000015,215.0682000000001,209.92324958008209,211.41206365543934,46.50331601776568,-1.4888140754001142,-1.7516607654441583,0.26284669004404404,214.8619116799686,206.43808832003168,0.3919730434605229,4625707.55,0.8239587044364706,2.105955839983401,-0.6799999999999784,1.1500000000000057,1.740000000000009,0.012777724802135874
208.99400000000009,209.95099999999988,210.54200000000014,214.7108000000001,209.72736502930022,211.207466347629,44.615745787519145,-1.4801013183650582,-1.6973488760283382,0.21724755766327997,214.8418167402653,206.242183259735,0.279990623520915,4692895.05,1.365541724611975,2.1499083701323407,-1.0900000000000034,2.3000000000000114,-0.9699999999999989,0.018260244428468738
209.83400000000012,209.9139999999999,210.51900000000015,214.49380000000008,209.9062319478694,211.1839503218787,49.18087026861254,-1.2777183740399778,-1.613422775630666,0.33570440159068826,214.80618509045803,206.23181490954227,0.5432684841185869,4690259.75,0.7639839136840982,2.1435925452284748,2.2399999999999807,4.199999999999989,-0.37000000000000455,0.020745412300251318
209.9640000000001,209.47399999999988,210.42800000000017,214.28360000000012,209.93911934050487,211.10513918692473,47.72461946928637,-1.1660198464458063,-1.523942189793694,0.35792234334788775,214.66767262885134,206.188327371149,0.4636764407345736,4706410.65,1.390686127229463,2.1198363144251737,-0.7699999999999818,0.6500000000000057,-4.400000000000006,0.012707024557395714
210.25000000000014,209.2769999999999,210.52500000000018,214.1172000000001,210.2331009804272,211.16031406196734,51.219454507630225,-0.9272130815620869,-1.4045963681473725,0.4773832865852856,214.80144010828843,206.24855989171192,0.6549185732113737,4581713.55,0.9272109558224129,2.138220054144266,1.7299999999999898,1.4300000000000068,-1.9699999999999989,0.010290299740382378
210.7260000000001,209.62999999999994,210.53100000000018,213.99580000000012,210.52339313728456,211.23140190922902,51.76148750997752,-0.7080087719630228,-1.2652788489105027,0.5572700769474799,214.81602928808655,206.2459707119138,0.6854129684034725,4582311.9,0.8315437890642057,2.1425146440439238,0.27000000000001023,2.3799999999999955,3.530000000000001,0.01291721666980945
211.62000000000012,210.30699999999993,210.62050000000016,213.87620000000013,210.92287111616386,211.37129806410096,53.808687628480754,-0.4484269479528109,-1.1019084687189644,0.6534815207661535,215.04117178150614,206.1998282184942,0.7827059012225904,4688536.3,1.1200548879188585,2.2103358907531514,1.0,4.469999999999999,6.77000000000001,0.021367774024024018
212.27600000000012,211.05499999999992,210.71550000000016,213.78960000000015,211.42242940598481,211.578609318612,55.92385145846638,-0.15617991264048214,-0.912762757503268,0.7565828448627858,215.3503526405722,206.08064735942813,0.8726655697486717,4729985.1,0.7577951989743055,2.3174263202855436,1.049999999999983,3.280000000000001,7.47999999999999,0.013727412802913563
212.3200000000001,211.1419999999999,210.58800000000014,213.60560000000012,211.25590180506407,211.4868604801963,47.397997955950416,-0.23095867514348356,-0.7764019410313111,0.5454432658878275,215.1156201253933,206.06037987460698,0.472612543330521,4693823.7,0.6931274389364048,2.2638100626962396,-3.829999999999984,0.21999999999999886,0.8700000000000045,0.023462013882285835
212.3000000000001,211.27499999999992,210.57450000000017,213.3868000000001,211.3319169119773,211.50635229647804,50.396199130492846,-0.17443538451027507,-0.6560086297271039,0.48157324521682887,215.08654377192929,206.06245622807106,0.6302624774290749,4625565.95,0.8579088576177365,2.2560218859646386,1.4099999999999966,-0.09999999999999432,1.3300000000000125,0.012656434474616325
212.5660000000001,211.6459999999999,210.84700000000015,213.20420000000013,211.65777584859617,211.65032620044263,53.81426807683327,0.007449648145467336,-0.5233169741525897,0.530766622298057,215.36248491303238,206.33151508696793,0.7882303949778762,4405666.2,0.5819351452454569,2.2577424565154747,1.6999999999999886,1.329999999999984,3.7099999999999795,0.018503630826891562
213.14000000000004,212.37999999999994,211.16550000000015,213.02260000000012,212.32427187188907,211.97178351892836,58.42402270055233,0.35248835295388403,-0.3481559087312949,0.7006442616851789,216.1627811607728,206.1682188392275,0.9827124835271355,4312072.6,0.7940337089871817,2.4986405803862652,2.5400000000000205,2.8700000000000045,7.340000000000003,0.01891291263484424
211.64200000000005,211.95899999999992,210.93650000000017,212.69440000000014,211.4559223531369,211.5797995545633,41.911761771526926,-0.1238772014321512,-0.3033001672714662,0.179422965839315,216.30168508532356,205.57131491467678,0.10332216574932979,4385471.45,1.4846077723297,2.6825925426622885,-9.310000000000002,-7.489999999999981,-4.2099999999999795,0.04817882717244042
207.77200000000002,210.0459999999999,209.76000000000016,212.00100000000012,208.30731891419276,210.05462921718825,27.702057085629566,-1.7473103030003472,-0.5921021944172424,-1.1552081085831047,219.77263601654354,199.74736398345678,-0.43731560644906153,4523619.6,1.8670221519068493,5.006318008271912,-15.689999999999998,-19.349999999999994,-19.129999999999995,0.07288339703649399
202.91400000000004,207.6069999999999,208.44200000000015,211.3200000000001,205.10003908124003,208.380952978878,25.59919008560784,-3.280913897642108,-1.1298645350622156,-2.1510493625798928,222.2066527017509,194.6773472982494,-0.2621696113455666,4782375.9,1.9555583240539496,6.882326350875237,-3.530000000000001,-24.289999999999992,-24.389999999999986,0.06849407873679718
196.79600000000002,204.68099999999995,207.15550000000013,210.46300000000014,201.6784946072031,206.49051201747963,23.134677474547395,-4.812017410280021,-1.8662951101057768,-2.9457223001742436,224.8678882918103,189.44311170818997,-0.18583354203097094,4867802.0,1.4281612111585475,8.856194145905034,-4.599999999999994,-30.589999999999975,-29.25999999999999,0.05654599146888316
193.41800000000003,203.27899999999994,206.79300000000012,210.03100000000012,201.28180312917186,205.9430666828515,43.7309031134783,-4.661263553682602,-2.425288798821142,-2.23597475486146,224.84989685410645,188.7361031458938,0.2869789016862369,5134233.15,1.7804612164915026,9.028448427053288,16.23999999999998,-16.890000000000015,-14.02000000000001,0.10256152687091907
190.76000000000002,201.20099999999994,206.1280000000001,209.47780000000014,200.06767957083773,205.0132098915292,39.70269465027856,-4.945530320693962,-2.9293371031957056,-2.016193217498256,225.1071618360734,187.1488381639268,0.16442142940713908,5248769.35,1.109153519957969,9.489580918036763,-5.710000000000008,-13.29000000000002,-20.78,0.05558715548890843
192.27200000000002,200.02199999999993,205.5820000000001,208.96760000000012,199.83419040609346,204.53445360326776,44.663303639187646,-4.700263197176412,-3.283522321991847,-1.4167408751845647,224.77229817381325,186.39170182618696,0.31678241952499,5309686.55,0.9610612513463719,9.595149086906748,5.160000000000025,7.560000000000002,-11.789999999999992,0.03933467640392847
194.83,198.87199999999993,205.0735000000001,208.49820000000014,199.8981611128483,204.21708666969238,46.23272311048107,-4.318925556845841,-3.4906029689626457,-0.828322587883195,224.26302972326005,185.88397027674017,0.37431948386537406,5313537.95,0.8454229634324903,9.594764861629862,1.6999999999999886,12.789999999999992,-11.5,0.015780274656679277
198.02000000000004,197.40799999999993,204.5270000000001,208.02620000000013,199.73075171087163,203.81656173119666,45.06677154409151,-4.085810020326505,-3.6096443792354176,-0.4761656410910877,223.77627125893022,185.27772874106998,0.3515008718226705,5273944.1,0.572534509798843,9.624635629465054,-1.4399999999999977,15.949999999999989,-14.639999999999986,0.01996881444595356
196.85600000000002,195.13699999999992,203.7585000000001,207.42080000000016,198.73832837073752,203.03607567703395,40.81031409727199,-4.29774730629768,-3.74726496464787,-0.5504823416498099,223.50872154305807,184.00827845694215,0.23472449468084028,5159993.45,0.8002589615690306,9.87511077152887,-5.530000000000001,-5.819999999999993,-22.710000000000008,0.03145695364238417
197.49800000000002,194.1289999999999,203.04400000000012,206.90580000000017,198.40935477523945,202.559329330587,44.21669881626089,-4.149974555348621,-3.8278068827880203,-0.3221676725606004,222.74441563012925,183.343584369871,0.33645015107841425,5141607.75,0.6254014612452691,9.850207815064675,3.319999999999993,3.210000000000008,-10.080000000000013,0.01706510681586988
196.63400000000001,194.45299999999992,202.24950000000013,206.59400000000016,197.7663771175103,201.94234197276572,42.34331211918131,-4.175964855256325,-3.897438477281681,-0.27852637797464386,222.02587021801168,182.47312978198858,0.2972454016688996,5061782.55,0.9776468963487972,9.888185109005779,-2.3700000000000045,-4.320000000000022,3.2399999999999807,0.01894660968954336
196.258,195.54399999999993,201.57550000000012,206.45100000000016,197.85924217635488,201.67772404885716,46.59952112867634,-3.8184818725030425,-3.881647156325953,0.06316528382291065,220.9110604780383,182.23993952196193,0.4171086867732383,5066706.6,0.8578937647583541,9.667780239019125,4.140000000000015,-1.8799999999999955,10.909999999999997,0.021374199727781464
195.958,196.9889999999999,200.83500000000012,206.22680000000014,197.7747433799926,201.354188934127,45.669926141822096,-3.5794455541350487,-3.8212068358877724,0.2417612817527237,219.6252139423654,182.04478605763484,0.40620117443015136,5084082.85,0.817830496212311,9.395106971182548,-1.0600000000000023,-1.5,14.449999999999989,0.02260402412447422
197.45,197.1529999999999,200.21600000000012,206.10280000000014,198.2309367061476,201.308693457525,49.20125558445778,-3.07775675137799,-3.672516818985816,0.594760067607826,218.142434559049,182.28956544095124,0.5146152877827951,4983498.4,0.6500913093500742,8.963217279524569,3.430000000000007,7.460000000000008,1.6400000000000148,0.026675799541695657
197.962,197.7299999999999,199.4655000000001,205.98580000000013,198.37386952058642,201.14953097918982,47.66437716394009,-2.775661458603878,-3.4931457469094283,0.7174842883055503,216.21017852781594,182.72082147218427,0.49087769886138394,4986250.55,0.7298877109173746,8.372339263907776,-1.5800000000000125,2.5600000000000023,5.77000000000001,0.014008837115886828
199.248,197.94099999999992,198.9815000000001,205.8936000000001,198.72558190203466,201.11326942517576,49.284048007683566,-2.3876875231414942,-3.2720541021558414,0.8843665790143471,214.98405139032215,182.97894860967804,0.5524447620588494,5108110.25,1.1140346863108523,8.001275695161139,1.5,6.430000000000007,2.109999999999985,0.01858865743047937
201.87199999999999,199.0649999999999,198.9685000000001,206.0684000000001,200.68933853249086,201.881916134422,59.12083495305826,-1.1925776019314753,-2.856158802110968,1.6635812001794927,214.9299088037344,183.00709119626578,0.8922429452803189,5346923.95,1.6354427483487959,7.9807044018671105,10.830000000000013,13.120000000000005,11.240000000000009,0.026336942645042286
204.51,200.23399999999992,198.82100000000008,206.1176000000001,202.19867106595382,202.5202927170574,58.013124232356816,-0.3216216511038681,-2.3492513719095482,2.02762972080568,214.29135474706143,183.35064525293873,0.8774638717388942,5470333.0,0.9198695947760401,7.735177373530903,-0.9900000000000091,13.189999999999998,11.689999999999998,0.027885985748218548
206.51,201.97999999999993,198.5585000000001,206.1162000000001,203.51272167119168,203.12915992320129,58.217505409497775,0.3835617479901714,-1.8026887479296043,2.1862504959197757,212.99850869113004,184.11849130887015,0.9217968375421628,5478716.55,0.6555553599501329,7.220004345564906,0.2400000000000091,10.0,17.460000000000008,0.00835152320394795
209.504,203.73299999999995,198.9310000000001,206.17180000000008,205.14614910639295,203.94403696592713,61.0980329855053,1.2021121404656583,-1.2017285702505518,2.40384071071621,214.52783929518745,183.33416070481275,0.9872461564917767,5372115.1,0.8150748668806446,7.798419647593803,3.3899999999999864,14.969999999999999,17.53,0.013659926213048202
212.22200000000004,205.73499999999996,200.0940000000001,206.21800000000007,206.54674155156326,204.7074416351177,61.20000372918091,1.8392999164454125,-0.5935228729113589,2.4328227893567713,216.59168395866183,183.59631604133838,0.9290299182439974,5264090.45,1.1939773945183636,8.248841979330864,0.12000000000000455,13.590000000000003,20.02000000000001,0.014329054842473713
211.91000000000003,206.89099999999993,201.2175000000001,206.2184000000001,207.06724285132276,205.09429781029417,55.554408499960005,1.9729450410284812,-0.0802292901233908,2.053174331151872,217.17213427972982,185.26286572027036,0.7730397904221816,5052951.3,1.015135847440287,7.977317139864958,-4.319999999999993,-1.5600000000000023,11.560000000000002,0.018113180584004098
212.73200000000006,208.62099999999995,202.8050000000001,206.2706000000001,208.22766702804233,205.79916463916126,59.872996810814584,2.428502388880986,0.4215170456774846,2.0069853432035014,217.3975316514962,188.212468348504,0.9044877298172457,4922058.95,0.8805581249692265,7.296265825748224,4.680000000000007,4.110000000000014,17.30000000000001,0.016960999021480894
213.49200000000005,210.00099999999998,203.57700000000008,206.33480000000012,209.19879517757428,206.4466339251493,59.77943431765058,2.7521612524248837,0.8876458870269645,1.8645153653979194,218.91827387148493,188.23572612851524,0.8573040965123853,4660086.6,0.8372925945195955,7.670636935742509,-0.0700000000000216,3.799999999999983,13.799999999999983,0.013424070103477187
213.27200000000008,211.38799999999998,204.5590000000001,206.3500000000001,209.7882113041013,206.93429067143455,57.68532325567529,2.8539206326667,1.2809008361549117,1.5730197965117882,219.67899457671467,189.43900542328555,0.7801257618519782,4488722.45,0.5334275011813217,7.55999728835722,-1.509999999999991,-1.0999999999999943,13.870000000000005,0.010350654837346911
214.29000000000005,213.25599999999994,205.59850000000012,206.47900000000013,211.2577172573165,207.85323210318015,63.44767782917974,3.404485154136296,1.7056176997511887,1.6988674543851072,221.74674978131912,189.4502502186811,0.9254795468886247,4435202.7,0.9092118833711929,8.074124890659718,6.310000000000002,5.090000000000003,18.680000000000007,0.013358256587945686
215.94800000000004,213.92899999999995,206.49700000000013,206.6030000000001,212.32883767926782,208.6211408362779,61.83800444335241,3.7076968429898614,2.1060335283989233,1.601663314590938,223.3396816154634,189.65431838453685,0.848014653119043,4403510.55,0.8761972876390633,8.421340807731626,-1.1200000000000045,8.289999999999992,6.72999999999999,0.010585647511685465
216.46200000000005,214.59699999999992,207.41550000000012,206.7866000000001,213.07517034399584,209.25513040396103,60.30798534287951,3.820039940034775,2.4488348107260935,1.3712051293086813,224.48326666702064,190.3477333329796,0.7860508990572125,4414284.55,0.7328469570453948,8.533883333510197,-1.039999999999992,2.569999999999993,6.680000000000007,0.01095865180955887
218.01200000000003,215.75199999999995,208.86600000000013,207.0400000000001,214.49283644491956,210.2206762999639,64.90296936279464,4.27216014495562,2.813499877571999,1.4586602673836215,225.8124018599778,191.91959814002246,0.8960722786736025,4414477.6,0.9362811128546672,8.473200929988744,5.109999999999985,7.75,11.549999999999983,0.023752755409600076
219.98200000000006,216.62699999999995,210.18000000000012,207.2724000000001,215.78316929954732,211.15840398144806,65.40100468474239,4.624765318099236,3.175752965677446,1.4490123524217897,227.19357222924842,193.16642777075182,0.873231436316681,4398497.45,0.6583989266607395,8.506786114624292,0.5900000000000034,9.849999999999994,8.75,0.010624551328068894
221.10200000000003,217.69599999999997,211.7155000000001,207.4808000000001,217.19191248423235,212.17926294578524,67.15358388395961,5.012649538447079,3.5431322802313727,1.469517258215706,228.2297853009116,195.2012146990886,0.9003957712681024,4321825.9,0.7902227158201814,8.257142650455542,2.0600000000000023,5.599999999999994,10.689999999999998,0.019916422157019605
222.47000000000003,219.20899999999997,213.05000000000013,207.7056000000001,218.40238748665814,213.1333916164678,67.25762931051337,5.2689958701903095,3.88830499822316,1.3806908719671496,229.34701567771978,196.75298432228047,0.8684723705708666,4271185.3,0.78055241480626,8.148507838860008,0.12000000000000455,6.840000000000003,15.129999999999995,0.008886519150448769
223.408,219.93499999999995,214.27800000000016,207.9712000000001,218.93586633486458,213.78054779302573,61.665568746550434,5.155318541838824,4.141707706946293,1.013610834892531,229.29697945933012,199.2590205406702,0.7527468667414552,4243860.65,0.8509763391971882,7.509489729664911,-3.1899999999999977,4.689999999999998,7.259999999999991,0.015549646189209974
223.67600000000002,220.84399999999997,215.42250000000018,208.3168000000001,219.65804074488543,214.5101368453942,63.47018336623565,5.147903899491212,4.342946945455276,0.8049569540359354,229.60582524479864,201.23917475520173,0.7893362402096011,4227648.05,0.6896215024332502,7.091662622399378,1.759999999999991,1.3400000000000034,9.090000000000003,0.017171220319277394
223.50600000000003,221.74399999999997,216.56600000000017,208.62360000000007,220.0229575533646,215.06716374573537,60.673849666954894,4.955793807629192,4.465516317890059,0.49027748973913265,228.8856743463367,204.24632565366363,0.721759108495617,4172553.8,0.6081450645405699,6.1598371731680155,-1.5999999999999943,-0.8499999999999943,9.0,0.009818492996441953
223.81000000000003,222.45599999999996,217.85600000000017,208.96340000000006,221.0132717759239,215.91107754234756,65.24016014620739,5.102194233576313,4.59285190102731,0.5093423325490027,228.53757553920676,207.17442446079357,0.9027495741812136,4042574.2,0.7646167632495156,5.340787769603273,4.430000000000007,1.5200000000000102,7.1200000000000045,0.01956195354587997
223.72000000000008,223.09499999999994,218.51200000000017,209.24720000000008,221.56661457962792,216.55544216884033,62.002396348332255,5.011172410787566,4.676516002979361,0.3346564078082048,229.16060666940757,207.86339333059277,0.7863285399356008,3734477.45,0.6915701151174443,5.324303334703877,-1.8499999999999943,-0.44999999999998863,6.390000000000015,0.01650683406793992
224.38400000000007,223.8959999999999,219.24650000000014,209.5562000000001,222.1240584904544,217.19503904522253,62.62859271749909,4.92901944523183,4.727016691429855,0.20200275380197574,229.6058229025763,208.88717709742397,0.7868672043479705,3819901.3,1.7645665347426647,5.179661451287774,0.5799999999999841,3.319999999999993,8.009999999999991,0.011856654380745093
224.99200000000005,224.33399999999992,220.04300000000018,209.9166000000001,222.82343410730755,217.8968880048357,64.24770392923438,4.926546102471832,4.76692257363825,0.1596235288335821,230.10915537331803,209.97684462668232,0.8291723480429211,4055299.25,2.0465964379817345,5.033077686658988,1.4799999999999898,3.039999999999992,4.3799999999999955,0.01436008293995687
225.69000000000005,224.5979999999999,220.61250000000018,210.20920000000012,223.23829039849102,218.46156296744044,61.99994695352324,4.776727431050546,4.768883545120709,0.007843885929836425,230.56423125640757,210.6607687435928,0.7465651389470628,3962952.35,0.6388514865690978,4.975865628204053,-1.1499999999999773,3.490000000000009,2.640000000000015,0.012903511883646667
225.75200000000004,224.7809999999999,221.23850000000022,210.54220000000012,223.7816303371847,219.07700274763005,63.49494824258021,4.704627589554633,4.756032354007494,-0.051404764452860796,231.0851304388723,211.39186956112812,0.7808828885342737,3789162.1,0.7414304075299392,4.923315219436021,1.25,0.3100000000000023,1.8300000000000125,0.009833752259999072
226.32000000000002,225.0199999999999,222.1145000000002,210.85420000000013,224.34599490069476,219.69722476632413,64.3173759470736,4.648770134370608,4.734579910080116,-0.08580977570950843,230.8338313390268,213.39516866097358,0.8059580942932392,3624327.2,0.5056756465034393,4.359665669513322,0.6799999999999784,2.839999999999975,2.3899999999999864,0.01134315234117394
226.61600000000004,225.49999999999991,222.7175000000002,211.1452000000001,224.70353414674173,220.2137266354853,62.57588142723121,4.4898075112564015,4.6856254303153735,-0.19581791905897195,230.9308619791001,214.5041380209003,0.7406140147029625,3570125.75,0.9103684933226792,4.106680989549823,-0.7800000000000011,1.4799999999999898,4.799999999999983,0.007941059690298598
227.03800000000007,226.01499999999993,223.4295000000002,211.4584000000001,225.3306827395507,220.84826540322712,65.31206234951135,4.48241733632355,4.644983811517009,-0.1625664751934588,231.13715976154475,215.72184023845563,0.8470897889586922,3485826.2,0.6356785659594847,3.8538298807720492,2.1100000000000136,2.1100000000000136,5.150000000000006,0.01014074656875598
227.36000000000004,226.52499999999992,224.1345000000002,211.7176000000001,225.6075007796198,221.31357907706214,61.523943740268535,4.29392170255764,4.574771389725135,-0.28084968716749525,230.34165224557225,217.92734775442815,0.7412942265220475,3494179.25,0.7330674292110229,3.10357612278567,-1.6500000000000057,1.6099999999999852,5.099999999999994,0.009553999911944647
227.25800000000004,226.50499999999994,224.4805000000002,212.0360000000001,225.70788527506292,221.67998062690938,59.562293502926025,4.027904648153509,4.465398041410809,-0.4374933932573004,230.3418973589638,218.61910264103662,0.6517982736043711,3425829.65,0.7780734223022444,2.9306986794822487,-0.8700000000000045,-0.5100000000000193,-0.20000000000001705,0.008309025015469035
226.93200000000002,226.62599999999992,224.86050000000017,212.31740000000008,225.725133694284,221.9866487286198,58.54560062364962,3.7384849656641848,4.3200154262614845,-0.5815304605972997,229.98870231657764,219.7322976834227,0.5935513012911106,3357594.95,0.7426893467301646,2.564101158288509,-0.4399999999999977,-1.6299999999999955,1.2099999999999795,0.022799132052076933
226.80800000000005,226.71199999999993,225.30400000000017,212.56940000000006,225.77511312593262,222.287637711685,58.94014478966816,3.487475414247598,4.1535074238587075,-0.6660320096111096,229.04521049925586,221.5627895007445,0.5997003510158351,3275807.5,0.4881990165783551,1.870605249627155,0.2300000000000182,-0.6199999999999761,0.8600000000000136,0.01300597213005971
225.91000000000003,226.47399999999993,225.40400000000017,212.73540000000008,225.54663418348144,222.43596084415276,54.653545799624446,3.110673339328656,3.9449406069526973,-0.8342672676240412,228.9176101092394,221.89038989076093,0.34147358907710784,3194001.6,0.7818011111829124,1.7568050546199723,-1.7600000000000193,-4.490000000000009,-2.3799999999999955,0.011680859601408897
225.30200000000005,226.33099999999996,225.46450000000019,213.08360000000008,225.32253661679198,222.5584822631044,54.1714051254454,2.764054353687584,3.7087633562996745,-0.9447090026120906,228.8411875780475,222.08781242195286,0.2964721390074485,3171151.8,0.7691117151818466,1.6883437890232946,-0.19999999999998863,-3.039999999999992,-1.4300000000000068,0.012807354188049465
224.40800000000004,225.83299999999994,225.3070000000002,213.6996000000001,224.77906944497784,222.50155765102258,48.83588221695938,2.277511793955256,3.422513043830791,-1.145001249875535,229.0417240861596,221.57227591384077,0.029148617292250604,3155674.85,0.9841527240995693,1.8673620430794042,-2.3000000000000114,-4.469999999999999,-4.980000000000018,0.011925695477704182
223.61800000000002,225.27499999999995,225.14750000000018,214.38780000000014,224.33152029959663,222.4547756027987,49.023952371954756,1.8767446967979424,3.1133593744242214,-1.236614677626279,229.17202419544668,221.12297580455368,0.09280900786874882,3168909.2,1.1355866554964718,2.012262097724113,0.0800000000000125,-3.9499999999999886,-5.579999999999984,0.01217649975210715
222.76800000000003,224.78799999999995,225.14400000000018,215.1666000000001,223.94205563812022,222.40627370629508,48.854731565587656,1.5357819318251416,2.7978438859044052,-1.2620619540792637,229.18002477690013,221.10797522310023,0.0857309871907335,3282091.9,1.7900409796569072,2.018012388450535,-0.06999999999999318,-4.25,-4.869999999999976,0.014427412082957695
222.85800000000003,224.38399999999996,225.19950000000017,215.6794000000001,224.06481630917864,222.5791423206436,55.761567536421055,1.4856739885350407,2.5354099064305324,-1.0497359178954917,229.18087903241317,221.21812096758717,0.44229386397787,3265324.3,0.7901588825342708,1.990689516205931,2.9399999999999977,0.45000000000001705,-4.039999999999992,0.014527898905401737
222.96000000000004,224.13099999999994,225.3280000000002,216.3036000000001,224.1471522616127,222.72883548207741,55.37805745398009,1.4183167795352745,2.3119912810514807,-0.8936745015162062,229.04929869799133,221.60670130200907,0.40218468616974984,3317644.35,1.08026015507057,1.8606493489954972,-0.14000000000001478,0.5099999999999909,-2.530000000000001,0.010952804986642957
222.96000000000004,223.68399999999997,225.0945000000002,216.76840000000016,223.7845134521338,222.65929211303464,48.210855847589535,1.1252213390991699,2.0746372926610186,-0.9494159535618487,229.0791177984413,221.10988220155912,0.08534291528624886,3313293.9,0.9066539494126977,1.9923088992205207,-2.8100000000000023,0.0,-4.469999999999999,0.01591595653546148
223.86200000000002,223.73999999999995,225.18300000000022,217.29100000000014,224.18381907488245,222.9349001046617,57.81504207734742,1.2489189702207568,1.9094936281729662,-0.6605746579522094,229.19914292570112,221.16685707429932,0.6490235808516293,3315654.65,0.793167044704128,2.008071462851088,4.590000000000003,4.509999999999991,0.5600000000000023,0.019237565155932584
225.27200000000002,224.01999999999998,225.36600000000027,217.89180000000016,224.90169306336207,223.37305565246453,61.90874285788912,1.5286374108975451,1.833322384717882,-0.30468497382033677,229.68859366579701,221.04340633420352,0.9029987860722909,3228356.15,1.5470721840897264,2.161296832897698,2.469999999999999,7.049999999999983,2.799999999999983,0.0138518680358314
226.9,224.879,225.67650000000026,218.68380000000013,226.1291248997679,224.07727375228197,67.45757038493751,2.051851147485934,1.8770281372714923,0.17482301021444147,231.0849314731319,220.26806852686863,1.1659509356627489,3016428.1,1.3462943141260353,2.704215736566024,4.030000000000001,8.139999999999986,8.590000000000003,0.022500858811405056
229.734,226.34700000000004,226.33900000000025,219.5272000000001,228.0738749151882,225.16562384470552,73.52729709738371,2.9082510704826916,2.083272723913732,0.8249783465689595,234.19893358747848,218.47906641252203,1.2907827630887216,3085911.2,1.2707429818460103,3.9299667937387373,5.890000000000015,14.170000000000016,14.680000000000007,0.023830464463709837
233.228,228.09400000000005,226.96350000000024,220.42780000000013,229.7948172359285,226.20965170806068,73.9623936958214,3.585165527867815,2.383651284704549,1.2015142431632664,236.63675441615092,217.29024558384955,1.1355927111494784,3150606.2,1.3023842840149302,4.836627208075273,0.4899999999999807,17.47,17.47,0.015046393045222865
236.032,229.94700000000006,227.61100000000025,221.2684000000001,231.4263838150164,227.2607886185747,74.99220181808332,4.1655951964417,2.740040067051979,1.4255551293897208,238.9227370902794,216.29926290972108,1.0652977919275586,3154128.95,0.6033960659725088,5.655868545139283,1.1400000000000148,14.02000000000001,18.53,0.007945091514143198
238.132,231.70200000000006,228.24500000000026,222.10920000000013,232.64540168962927,228.15628575793954,72.16127535549717,4.4891159316897244,3.0898552399795283,1.3992606917101962,240.64384268791062,215.8461573120899,0.9478240542090189,3127152.0,0.866792212210983,6.199421343954989,-1.0500000000000114,10.5,17.549999999999983,0.012366826822644696
239.51600000000002,233.20800000000008,228.79600000000028,222.8904000000001,233.746109121994,229.01878310920327,72.63800066483263,4.727326012790741,3.4173493945417706,1.30997661824897,242.1811879329183,215.41081206708225,0.9110513821377783,3154759.9,0.8774116217211966,6.692593966458914,0.45000000000001705,6.920000000000016,15.060000000000002,0.01092577147623021
239.50600000000003,234.62000000000006,229.37550000000027,223.68160000000012,234.5113231032257,229.7373917677808,69.55928278192225,4.7739313354449,3.6886657827223965,1.085265552722503,243.40981576527835,215.3411842347222,0.832916123460707,3135545.1,0.6943523153278834,7.017157882639275,-1.0800000000000125,-0.05000000000001137,14.120000000000005,0.020945040214477212
239.00800000000004,236.11800000000008,229.9010000000003,224.40380000000013,234.85881185657558,230.25832571090814,64.26309708916634,4.600486145667446,3.8710298553114066,0.7294562903560395,244.21364741407103,215.58835258592956,0.7399625939659079,3115494.45,0.7268618308724639,7.156323707035512,-1.9499999999999886,-2.4899999999999807,14.980000000000018,0.012100350551167838
238.11400000000003,237.07300000000004,230.40650000000034,224.89260000000013,235.02361003248703,230.67844973232235,62.07067614278565,4.345160300164679,3.965855944282061,0.3793043558826179,244.8206808993586,215.99231910064208,0.6915995101825587,3111687.0,0.7769100812517454,7.207090449679201,-0.8400000000000034,-4.469999999999999,9.550000000000011,0.0086890179290468
237.85600000000005,237.99400000000006,231.00700000000035,225.44380000000012,235.49074695056595,231.2252312336318,65.30316578767153,4.265515716934146,4.025787898812478,0.23972781812166843,245.64413100301505,216.36986899698564,0.740928362209336,3177294.95,0.9163156225077561,7.318565501507277,2.1299999999999955,-1.289999999999992,9.210000000000008,0.017432580021843256
